<application>
  <component name="FileTypeManager" version="18">
    <extensionMap>
      <mapping pattern=".keep" type="PLAIN_TEXT" />
      <mapping ext="tpl" type="PLAIN_TEXT" />
      <mapping ext="desc" type="PLAIN_TEXT" />
      <mapping ext="golden" type="PLAIN_TEXT" />
      <mapping ext="j2" type="PLAIN_TEXT" />
      <mapping ext="template" type="YAML" />
      <removed_mapping ext="csv" approved="true" type="CSV/TSV" />
      <removed_mapping ext="ignore" approved="true" type="IgnoreLang file" />
      <removed_mapping ext="qrc" approved="true" type="XML" />
      <removed_mapping ext="tsv" approved="true" type="CSV/TSV" />
      <removed_mapping pattern="main.yaml" approved="true" type="Ansible" />
      <removed_mapping pattern="main.yml" approved="true" type="Ansible" />
      <mapping ext="plantuml" type="PlantUML file" />
    </extensionMap>
  </component>
</application>