<application>
  <component name="NodeJsLocalInterpreterManager">
    <local-interpreter path="$USER_HOME$/.nvm/versions/node/v16.13.0/bin/node">
      <version-cache version="16.13.0" last-modified="1635249248000" />
    </local-interpreter>
    <local-interpreter path="$USER_HOME$/.nvm/versions/node/v16.8.0/bin/node">
      <version-cache version="16.8.0" last-modified="1629918401000" />
    </local-interpreter>
    <local-interpreter path="$USER_HOME$/.nvm/versions/node/v15.14.0/bin/node">
      <version-cache version="15.14.0" last-modified="1617732558000" />
    </local-interpreter>
  </component>
</application>