<code_scheme name="Default" version="173">
  <GoCodeStyleSettings>
    <option name="IMPORT_SORTING" value="GOIMPORTS" />
    <option name="MOVE_ALL_STDLIB_IMPORTS_IN_ONE_GROUP" value="true" />
    <option name="GROUP_STDLIB_IMPORTS" value="true" />
    <option name="CREATE_LOCAL_GROUP" value="true" />
    <option name="LOCAL_PACKAGE_PREFIXES" />
  </GoCodeStyleSettings>
  <codeStyleSettings language="TOML">
    <indentOptions>
      <option name="USE_TAB_CHARACTER" value="true" />
      <option name="KEEP_INDENTS_ON_EMPTY_LINES" value="true" />
    </indentOptions>
  </codeStyleSettings>
  <codeStyleSettings language="TypeScript">
    <indentOptions>
      <option name="INDENT_SIZE" value="2" />
      <option name="CONTINUATION_INDENT_SIZE" value="2" />
      <option name="TAB_SIZE" value="2" />
    </indentOptions>
  </codeStyleSettings>
</code_scheme>